{
"lengthUnit": "mil",
"components": {
	"fields": ["COMPONENT_NO", "COMPONENT_NAME", "LAYER", "X_COORDINATE", "Y_COORDINATE", "ANGLE"],
	"rows": [
		[1, "32U4", "T", 1205, 2855, 270],
		[2, "C1", "T", 1570, 2350, 270],
		[3, "C2", "T", 890, 2355, 270],
		[4, "C3", "T", 570, 2930, 270],
		[5, "C4", "T", 1645, 2560, 270],
		[6, "C5", "T", 1985, 2360, 0],
		[7, "C6", "T", 840, 2870, 0],
		[8, "C7", "T", 970, 3140, 180],
		[9, "C8", "T", 890, 2455, 180],
		[10, "C9", "T", 1520, 2645, 90],
		[11, "C10", "T", 785, 2790, 180],
		[12, "CRYSTAL", "T", 1225, 2380, 0],
		[13, "D1", "T", 635, 2730, 180],
		[14, "P1", "T", 610, 2370, 0],
		[15, "R1", "T", 835, 3025, 0],
		[16, "R2", "T", 830, 2955, 0],
		[17, "R3", "T", 1560, 2930, 0],
		[18, "R4", "T", 1560, 3000, 0],
		[19, "RF24", "T", 2175, 2545, 90],
		[20, "SW-RF", "T", 2130, 2930, 180],
		[21, "TS1117", "T", 1830, 2475, 90],
		[22, "U5", "T", 1685, 2930, 180],
		[23, "U6", "T", 1685, 3000, 180],
		[24, "USB", "T", 390, 2730, 270]
	]
},
"pins": {
	"fields": ["PIN_NO", "PIN_NAME", "PIN_X", "PIN_Y", "LAYER", "PIN_TYPE", "NET_NAME", "NET_TYPE", "PAD_SHAPE", "PAD_SIZEX", "PAD_SIZEY", "HOLE_SIZE", "PAD_ANGLE"],
	"rows": [
		[1, "32U4_1", 974.69, 3012.49, "T", "SMD", "32U4_1", "", "O", 17.72, 74.8, 0, 270],
		[2, "32U4_2", 974.69, 2980.99, "T", "SMD", "5V", "", "O", 17.72, 74.8, 0, 270],
		[3, "32U4_3", 974.69, 2949.49, "T", "SMD", "$1N488", "", "O", 17.72, 74.8, 0, 270],
		[4, "32U4_4", 974.69, 2918, "T", "SMD", "$1N489", "", "O", 17.72, 74.8, 0, 270],
		[5, "32U4_5", 974.69, 2886.51, "T", "SMD", "GND", "GND", "O", 17.72, 74.8, 0, 270],
		[6, "32U4_6", 974.69, 2855.01, "T", "SMD", "$1N473", "", "O", 17.72, 74.8, 0, 270],
		[7, "32U4_7", 974.69, 2823.51, "T", "SMD", "5V", "", "O", 17.72, 74.8, 0, 270],
		[8, "32U4_8", 974.69, 2792.02, "T", "SMD", "SS0", "", "O", 17.72, 74.8, 0, 270],
		[9, "32U4_9", 974.69, 2760.52, "T", "SMD", "SCK0", "", "O", 17.72, 74.8, 0, 270],
		[10, "32U4_10", 974.69, 2729.03, "T", "SMD", "MOSI0", "", "O", 17.72, 74.8, 0, 270],
		[11, "32U4_11", 974.69, 2697.53, "T", "SMD", "MISO0", "", "O", 17.72, 74.8, 0, 270],
		[12, "32U4_12", 1047.53, 2624.69, "T", "SMD", "32U4_12", "", "O", 74.8, 17.72, 0, 270],
		[13, "32U4_13", 1079.02, 2624.69, "T", "SMD", "RESET", "", "O", 74.8, 17.72, 0, 270],
		[14, "32U4_14", 1110.51, 2624.69, "T", "SMD", "5V", "", "O", 74.8, 17.72, 0, 270],
		[15, "32U4_15", 1142.02, 2624.69, "T", "SMD", "32U4_15", "", "O", 74.8, 17.72, 0, 270],
		[16, "32U4_16", 1173.51, 2624.69, "T", "SMD", "XTAL2", "", "O", 74.8, 17.72, 0, 270],
		[17, "32U4_17", 1205, 2624.69, "T", "SMD", "XTAL1", "", "O", 74.8, 17.72, 0, 270],
		[18, "32U4_18", 1236.51, 2624.69, "T", "SMD", "32U4_18", "", "O", 74.8, 17.72, 0, 270],
		[19, "32U4_19", 1268, 2624.69, "T", "SMD", "32U4_19", "", "O", 74.8, 17.72, 0, 270],
		[20, "32U4_20", 1299.5, 2624.69, "T", "SMD", "32U4_20", "", "O", 74.8, 17.72, 0, 270],
		[21, "32U4_21", 1330.99, 2624.69, "T", "SMD", "32U4_21", "", "O", 74.8, 17.72, 0, 270],
		[22, "32U4_22", 1362.49, 2624.69, "T", "SMD", "32U4_22", "", "O", 74.8, 17.72, 0, 270],
		[23, "32U4_23", 1435.32, 2697.53, "T", "SMD", "32U4_23", "", "O", 17.72, 74.8, 0, 270],
		[24, "32U4_24", 1435.32, 2729.03, "T", "SMD", "5V", "", "O", 17.72, 74.8, 0, 270],
		[25, "32U4_25", 1435.32, 2760.52, "T", "SMD", "32U4_25", "", "O", 17.72, 74.8, 0, 270],
		[26, "32U4_26", 1435.32, 2792.02, "T", "SMD", "32U4_26", "", "O", 17.72, 74.8, 0, 270],
		[27, "32U4_27", 1435.32, 2823.51, "T", "SMD", "32U4_27", "", "O", 17.72, 74.8, 0, 270],
		[28, "32U4_28", 1435.32, 2855.01, "T", "SMD", "CE0", "", "O", 17.72, 74.8, 0, 270],
		[29, "32U4_29", 1435.32, 2886.51, "T", "SMD", "32U4_29", "", "O", 17.72, 74.8, 0, 270],
		[30, "32U4_30", 1435.32, 2918, "T", "SMD", "32U4_30", "", "O", 17.72, 74.8, 0, 270],
		[31, "32U4_31", 1435.32, 2949.49, "T", "SMD", "$1N1668", "", "O", 17.72, 74.8, 0, 270],
		[32, "32U4_32", 1435.32, 2980.99, "T", "SMD", "$1N1600", "", "O", 17.72, 74.8, 0, 270],
		[33, "32U4_33", 1435.32, 3012.49, "T", "SMD", "32U4_33", "", "O", 17.72, 74.8, 0, 270],
		[34, "32U4_34", 1362.48, 3085.32, "T", "SMD", "32U4_34", "", "O", 74.8, 17.72, 0, 270],
		[35, "32U4_35", 1330.99, 3085.32, "T", "SMD", "32U4_35", "", "O", 74.8, 17.72, 0, 270],
		[36, "32U4_36", 1299.49, 3085.32, "T", "SMD", "32U4_36", "", "O", 74.8, 17.72, 0, 270],
		[37, "32U4_37", 1268, 3085.32, "T", "SMD", "32U4_37", "", "O", 74.8, 17.72, 0, 270],
		[38, "32U4_38", 1236.51, 3085.32, "T", "SMD", "32U4_38", "", "O", 74.8, 17.72, 0, 270],
		[39, "32U4_39", 1205, 3085.32, "T", "SMD", "32U4_39", "", "O", 74.8, 17.72, 0, 270],
		[40, "32U4_40", 1173.51, 3085.32, "T", "SMD", "32U4_40", "", "O", 74.8, 17.72, 0, 270],
		[41, "32U4_41", 1142.02, 3085.32, "T", "SMD", "32U4_41", "", "O", 74.8, 17.72, 0, 270],
		[42, "32U4_42", 1110.51, 3085.32, "T", "SMD", "32U4_42", "", "O", 74.8, 17.72, 0, 270],
		[43, "32U4_43", 1079.02, 3085.32, "T", "SMD", "GND", "GND", "O", 74.8, 17.72, 0, 270],
		[44, "32U4_44", 1047.53, 3085.32, "T", "SMD", "5V", "", "O", 74.8, 17.72, 0, 270],
		[45, "C1_1", 1570, 2377.56, "T", "SMD", "XTAL1", "", "R", 31.5, 35.43, 0, 270],
		[46, "C1_2", 1570, 2322.44, "T", "SMD", "GND", "GND", "R", 31.5, 35.43, 0, 270],
		[47, "C2_1", 890, 2382.56, "T", "SMD", "XTAL2", "", "R", 31.5, 35.43, 0, 270],
		[48, "C2_2", 890, 2327.44, "T", "SMD", "GND", "GND", "R", 31.5, 35.43, 0, 270],
		[49, "C3_1", 570, 2957.56, "T", "SMD", "5V", "", "R", 31.5, 35.43, 0, 270],
		[50, "C3_2", 570, 2902.44, "T", "SMD", "GND", "GND", "R", 31.5, 35.43, 0, 270],
		[51, "C4_1", 1645, 2587.56, "T", "SMD", "5V", "", "R", 31.5, 35.43, 0, 270],
		[52, "C4_2", 1645, 2532.44, "T", "SMD", "GND", "GND", "R", 31.5, 35.43, 0, 270],
		[53, "C5_1", 1957.44, 2360, "T", "SMD", "3.3V", "", "R", 31.5, 35.43, 0, 0],
		[54, "C5_2", 2012.56, 2360, "T", "SMD", "GND", "GND", "R", 31.5, 35.43, 0, 0],
		[55, "C6_1", 812.44, 2870, "T", "SMD", "GND", "GND", "R", 31.5, 35.43, 0, 0],
		[56, "C6_2", 867.56, 2870, "T", "SMD", "$1N473", "", "R", 31.5, 35.43, 0, 0],
		[57, "C7_1", 997.56, 3140, "T", "SMD", "5V", "", "R", 31.5, 35.43, 0, 180],
		[58, "C7_2", 942.44, 3140, "T", "SMD", "GND", "GND", "R", 31.5, 35.43, 0, 180],
		[59, "C8_1", 917.56, 2455, "T", "SMD", "5V", "", "R", 31.5, 35.43, 0, 180],
		[60, "C8_2", 862.44, 2455, "T", "SMD", "GND", "GND", "R", 31.5, 35.43, 0, 180],
		[61, "C9_1", 1520, 2617.44, "T", "SMD", "GND", "GND", "R", 31.5, 35.43, 0, 90],
		[62, "C9_2", 1520, 2672.56, "T", "SMD", "5V", "", "R", 31.5, 35.43, 0, 90],
		[63, "C10_1", 812.56, 2790, "T", "SMD", "5V", "", "R", 31.5, 35.43, 0, 180],
		[64, "C10_2", 757.44, 2790, "T", "SMD", "GND", "GND", "R", 31.5, 35.43, 0, 180],
		[65, "CRYSTAL_1", 1047.83, 2380, "T", "SMD", "XTAL2", "", "R", 236.22, 78.74, 0, 0],
		[66, "CRYSTAL_2", 1402.17, 2380, "T", "SMD", "XTAL1", "", "R", 236.22, 78.74, 0, 0],
		[67, "D1_1", 664.53, 2776.9, "T", "SMD", "GND", "GND", "R", 47, 33, 0, 180],
		[68, "D1_2", 597.6, 2776.9, "T", "SMD", "D+", "", "R", 33, 33, 0, 180],
		[69, "D1_3", 597.6, 2683.1, "T", "SMD", "D-", "", "R", 33, 33, 0, 180],
		[70, "D1_4", 672.4, 2683.1, "T", "SMD", "5V", "", "R", 33, 33, 0, 180],
		[71, "P1_1", 510, 2320, "T", "DIP", "GND", "GND", "R", 70.87, 70.87, 41.34, 0],
		[72, "P1_1", 510, 2320, "B", "DIP", "GND", "GND", "R", 70.87, 70.87, 41.34, 0],
		[73, "P1_2", 510, 2420, "T", "DIP", "RESET", "", "C", 70.87, 70.87, 41.34, 0],
		[74, "P1_2", 510, 2420, "B", "DIP", "RESET", "", "C", 70.87, 70.87, 41.34, 0],
		[75, "P1_3", 610, 2320, "T", "DIP", "MOSI0", "", "C", 70.87, 70.87, 41.34, 0],
		[76, "P1_3", 610, 2320, "B", "DIP", "MOSI0", "", "C", 70.87, 70.87, 41.34, 0],
		[77, "P1_4", 610, 2420, "T", "DIP", "SCK0", "", "C", 70.87, 70.87, 41.34, 0],
		[78, "P1_4", 610, 2420, "B", "DIP", "SCK0", "", "C", 70.87, 70.87, 41.34, 0],
		[79, "P1_5", 710, 2320, "T", "DIP", "5V", "", "C", 70.87, 70.87, 41.34, 0],
		[80, "P1_5", 710, 2320, "B", "DIP", "5V", "", "C", 70.87, 70.87, 41.34, 0],
		[81, "P1_6", 710, 2420, "T", "DIP", "MISO0", "", "C", 70.87, 70.87, 41.34, 0],
		[82, "P1_6", 710, 2420, "B", "DIP", "MISO0", "", "C", 70.87, 70.87, 41.34, 0],
		[83, "R1_1", 805.34, 3025, "T", "SMD", "D-", "", "R", 31.75, 34.02, 0, 0],
		[84, "R1_2", 864.66, 3025, "T", "SMD", "$1N488", "", "R", 31.75, 34.02, 0, 0],
		[85, "R2_1", 800.34, 2955, "T", "SMD", "D+", "", "R", 31.75, 34.02, 0, 0],
		[86, "R2_2", 859.66, 2955, "T", "SMD", "$1N489", "", "R", 31.75, 34.02, 0, 0],
		[87, "R3_1", 1530.34, 2930, "T", "SMD", "$1N1668", "", "R", 31.75, 34.02, 0, 0],
		[88, "R3_2", 1589.66, 2930, "T", "SMD", "$1N1666", "", "R", 31.75, 34.02, 0, 0],
		[89, "R4_1", 1530.34, 3000, "T", "SMD", "$1N1600", "", "R", 31.75, 34.02, 0, 0],
		[90, "R4_2", 1589.66, 3000, "T", "SMD", "$1N1599", "", "R", 31.75, 34.02, 0, 0],
		[91, "RF24_1", 2225.01, 2694.9, "T", "DIP", "$1N7", "", "R", 70.87, 70.87, 47.24, 270],
		[92, "RF24_1", 2225.01, 2694.9, "B", "DIP", "$1N7", "", "R", 70.87, 70.87, 47.24, 270],
		[93, "RF24_2", 2125.01, 2695, "T", "DIP", "GND", "GND", "C", 70.87, 70.87, 47.24, 270],
		[94, "RF24_2", 2125.01, 2695, "B", "DIP", "GND", "GND", "C", 70.87, 70.87, 47.24, 270],
		[95, "RF24_3", 2225.01, 2595, "T", "DIP", "SS0", "", "C", 70.87, 70.87, 47.24, 270],
		[96, "RF24_3", 2225.01, 2595, "B", "DIP", "SS0", "", "C", 70.87, 70.87, 47.24, 270],
		[97, "RF24_4", 2125.01, 2595, "T", "DIP", "CE0", "", "C", 70.87, 70.87, 47.24, 270],
		[98, "RF24_4", 2125.01, 2595, "B", "DIP", "CE0", "", "C", 70.87, 70.87, 47.24, 270],
		[99, "RF24_5", 2225.01, 2495, "T", "DIP", "MOSI0", "", "C", 70.87, 70.87, 47.24, 270],
		[100, "RF24_5", 2225.01, 2495, "B", "DIP", "MOSI0", "", "C", 70.87, 70.87, 47.24, 270],
		[101, "RF24_6", 2125.01, 2495, "T", "DIP", "SCK0", "", "C", 70.87, 70.87, 47.24, 270],
		[102, "RF24_6", 2125.01, 2495, "B", "DIP", "SCK0", "", "C", 70.87, 70.87, 47.24, 270],
		[103, "RF24_7", 2225.01, 2395, "T", "DIP", "RF24_7", "", "C", 70.87, 70.87, 47.24, 270],
		[104, "RF24_7", 2225.01, 2395, "B", "DIP", "RF24_7", "", "C", 70.87, 70.87, 47.24, 270],
		[105, "RF24_8", 2125.01, 2395, "T", "DIP", "MISO0", "", "C", 70.87, 70.87, 47.24, 270],
		[106, "RF24_8", 2125.01, 2395, "B", "DIP", "MISO0", "", "C", 70.87, 70.87, 47.24, 270],
		[107, "SW-RF_1", 2130, 2930, "T", "DIP", "$1N7", "", "C", 59.05, 59.05, 39.37, 180],
		[108, "SW-RF_1", 2130, 2930, "B", "DIP", "$1N7", "", "C", 59.05, 59.05, 39.37, 180],
		[109, "SW-RF_2", 2011.89, 2930, "T", "DIP", "3.3V", "", "C", 59.05, 59.05, 39.37, 180],
		[110, "SW-RF_2", 2011.89, 2930, "B", "DIP", "3.3V", "", "C", 59.05, 59.05, 39.37, 180],
		[111, "SW-RF_3", 1893.78, 2930, "T", "DIP", "SW-RF_3", "", "C", 59.05, 59.05, 39.37, 180],
		[112, "SW-RF_3", 1893.78, 2930, "B", "DIP", "SW-RF_3", "", "C", 59.05, 59.05, 39.37, 180],
		[113, "TS1117_1", 1920.55, 2587.5, "T", "SMD", "GND", "GND", "R", 97.05, 41.34, 0, 90],
		[114, "TS1117_2", 1830, 2587.5, "T", "SMD", "3.3V", "", "R", 97.05, 41.34, 0, 90],
		[115, "TS1117_3", 1739.45, 2587.5, "T", "SMD", "5V", "", "R", 97.05, 41.34, 0, 90],
		[116, "TS1117_4", 1830, 2362.5, "T", "SMD", "3.3V", "", "R", 97.05, 139.37, 0, 90],
		[117, "U5_1", 1716.48, 2930.13, "T", "SMD", "GND", "GND", "R", 31.5, 31.5, 0, 270],
		[118, "U5_2", 1653.52, 2929.86, "T", "SMD", "$1N1666", "", "R", 31.5, 31.5, 0, 270],
		[119, "U6_1", 1716.48, 3000.13, "T", "SMD", "GND", "GND", "R", 31.5, 31.5, 0, 270],
		[120, "U6_2", 1653.52, 2999.86, "T", "SMD", "$1N1599", "", "R", 31.5, 31.5, 0, 270],
		[121, "USB_1", 429.37, 2592.2, "T", "DIP", "5V", "", "R", 70.87, 70.87, 39.37, 270],
		[122, "USB_1", 429.37, 2592.2, "B", "DIP", "5V", "", "R", 70.87, 70.87, 39.37, 270],
		[123, "USB_2", 429.37, 2690.63, "T", "DIP", "D-", "", "C", 62.99, 62.99, 39.37, 270],
		[124, "USB_2", 429.37, 2690.63, "B", "DIP", "D-", "", "C", 62.99, 62.99, 39.37, 270],
		[125, "USB_3", 429.37, 2769.37, "T", "DIP", "D+", "", "C", 62.99, 62.99, 39.37, 270],
		[126, "USB_3", 429.37, 2769.37, "B", "DIP", "D+", "", "C", 62.99, 62.99, 39.37, 270],
		[127, "USB_4", 429.37, 2867.8, "T", "DIP", "GND", "GND", "C", 70.87, 70.87, 39.37, 270],
		[128, "USB_4", 429.37, 2867.8, "B", "DIP", "GND", "GND", "C", 70.87, 70.87, 39.37, 270],
		[129, "USB_5", 350.63, 2960.32, "T", "DIP", "USB_5", "", "O", 59.05, 125.98, 86.61, 270],
		[130, "USB_5", 350.63, 2960.32, "B", "DIP", "USB_5", "", "O", 59.05, 125.98, 86.61, 270],
		[131, "USB_6", 350.63, 2499.69, "T", "DIP", "USB_6", "", "O", 59.05, 125.98, 86.61, 270],
		[132, "USB_6", 350.63, 2499.69, "B", "DIP", "USB_6", "", "O", 59.05, 125.98, 86.61, 270]
	]
}
}