{
"lengthUnit": "mil",
"components": {
	"fields": ["COMPONENT_NO", "COMPONENT_NAME", "LAYER", "X_COORDINATE", "Y_COORDINATE", "ANGLE"],
	"rows": [
		[1, "BATTERY1", "T", 475, 2965, 90],
		[2, "BOOT", "T", 2650, 2430, 270],
		[3, "BTTN5", "T", 2610, 2920, 0],
		[4, "BTTN6", "T", 2610, 3185, 0],
		[5, "BTTNDECK1", "T", 2380, 2545, 90],
		[6, "C1", "T", 745, 2865, 90],
		[7, "C2", "T", 660, 2905, 90],
		[8, "C3", "T", 1310, 3050, 0],
		[9, "ESP32S3", "T", 1780, 2695, 0],
		[10, "JSDECK1", "T", 1160, 2325, 0],
		[11, "JSSTAND1", "T", 1085, 2780, 90],
		[12, "L2", "T", 2400, 3005, 270],
		[13, "POWERDECK1", "T", 775, 2330, 0],
		[14, "R1", "T", 1310, 2930, 0],
		[15, "R3", "T", 2290, 2860, 45],
		[16, "R4", "T", 2225, 2945, 0],
		[17, "TS1117", "T", 750, 3180, 270],
		[18, "USB", "T", 495, 2625, 90],
		[19, "PAD1", "T", 2230, 3105, 0],
		[20, "PAD1", "B", 2230, 3105, 0]
	]
},
"pins": {
	"fields": ["PIN_NO", "PIN_NAME", "PIN_X", "PIN_Y", "LAYER", "PIN_TYPE", "NET_NAME", "NET_TYPE", "PAD_SHAPE", "PAD_SIZEX", "PAD_SIZEY", "HOLE_SIZE", "PAD_ANGLE"],
	"rows": [
		[1, "BATTERY1_1", 475, 2915.79, "T", "DIP", "5V", "", "R", 60, 60, 36, 90],
		[2, "BATTERY1_1", 475, 2915.79, "B", "DIP", "5V", "", "R", 60, 60, 36, 90],
		[3, "BATTERY1_2", 475, 3014.21, "T", "DIP", "GND", "GND", "C", 60, 60, 36, 90],
		[4, "BATTERY1_2", 475, 3014.21, "B", "DIP", "GND", "GND", "C", 60, 60, 36, 90],
		[5, "BOOT_1", 2738.58, 2597.33, "T", "SMD", "GND", "GND", "R", 43.31, 78.74, 0, 180],
		[6, "BOOT_2", 2738.6, 2262.68, "T", "SMD", "BOOT_2", "", "R", 43.31, 78.74, 0, 180],
		[7, "BOOT_3", 2561.4, 2597.33, "T", "SMD", "BOOT_3", "", "R", 43.31, 78.74, 0, 180],
		[8, "BOOT_4", 2561.42, 2262.68, "T", "SMD", "$1N6", "", "R", 43.31, 78.74, 0, 180],
		[9, "BTTN5_1", 2560.79, 2920, "T", "DIP", "BT5", "", "R", 60, 60, 36, 0],
		[10, "BTTN5_1", 2560.79, 2920, "B", "DIP", "BT5", "", "R", 60, 60, 36, 0],
		[11, "BTTN5_2", 2659.21, 2920, "T", "DIP", "GND", "GND", "C", 60, 60, 36, 0],
		[12, "BTTN5_2", 2659.21, 2920, "B", "DIP", "GND", "GND", "C", 60, 60, 36, 0],
		[13, "BTTN6_1", 2560.79, 3185, "T", "DIP", "BT6", "", "R", 60, 60, 36, 0],
		[14, "BTTN6_1", 2560.79, 3185, "B", "DIP", "BT6", "", "R", 60, 60, 36, 0],
		[15, "BTTN6_2", 2659.21, 3185, "T", "DIP", "GND", "GND", "C", 60, 60, 36, 0],
		[16, "BTTN6_2", 2659.21, 3185, "B", "DIP", "GND", "GND", "C", 60, 60, 36, 0],
		[17, "BTTNDECK1_1", 2380, 2397.36, "T", "DIP", "BT1", "", "R", 59.05, 59.05, 35.43, 90],
		[18, "BTTNDECK1_1", 2380, 2397.36, "B", "DIP", "BT1", "", "R", 59.05, 59.05, 35.43, 90],
		[19, "BTTNDECK1_2", 2380, 2495.79, "T", "DIP", "BT2", "", "C", 59.05, 59.05, 35.43, 90],
		[20, "BTTNDECK1_2", 2380, 2495.79, "B", "DIP", "BT2", "", "C", 59.05, 59.05, 35.43, 90],
		[21, "BTTNDECK1_3", 2380, 2594.21, "T", "DIP", "BT3", "", "C", 59.05, 59.05, 35.43, 90],
		[22, "BTTNDECK1_3", 2380, 2594.21, "B", "DIP", "BT3", "", "C", 59.05, 59.05, 35.43, 90],
		[23, "BTTNDECK1_4", 2380, 2692.64, "T", "DIP", "BT4", "", "C", 59.05, 59.05, 35.43, 90],
		[24, "BTTNDECK1_4", 2380, 2692.64, "B", "DIP", "BT4", "", "C", 59.05, 59.05, 35.43, 90],
		[25, "C1_1", 745, 2837.44, "T", "SMD", "3.3V", "", "R", 31.5, 35.43, 0, 90],
		[26, "C1_2", 745, 2892.56, "T", "SMD", "GND", "GND", "R", 31.5, 35.43, 0, 90],
		[27, "C2_1", 660, 2877.44, "T", "SMD", "5V", "", "R", 31.5, 35.43, 0, 90],
		[28, "C2_2", 660, 2932.56, "T", "SMD", "GND", "GND", "R", 31.5, 35.43, 0, 90],
		[29, "C3_1", 1282.44, 3050, "T", "SMD", "3.3V", "", "R", 31.5, 35.43, 0, 0],
		[30, "C3_2", 1337.56, 3050, "T", "SMD", "GND", "GND", "R", 31.5, 35.43, 0, 0],
		[31, "ESP32S3_1", 1435.51, 3045.19, "T", "SMD", "GND", "GND", "R", 59.05, 35.43, 0, 0],
		[32, "ESP32S3_2", 1435.51, 2995.19, "T", "SMD", "3.3V", "", "R", 59.05, 35.43, 0, 0],
		[33, "ESP32S3_3", 1435.51, 2945.19, "T", "SMD", "$1N8", "", "R", 59.05, 35.43, 0, 0],
		[34, "ESP32S3_4", 1435.51, 2895.19, "T", "SMD", "JSY1", "", "R", 59.05, 35.43, 0, 0],
		[35, "ESP32S3_5", 1435.51, 2845.19, "T", "SMD", "JSX1", "", "R", 59.05, 35.43, 0, 0],
		[36, "ESP32S3_6", 1435.51, 2795.19, "T", "SMD", "ESP32S3_6", "", "R", 59.05, 35.43, 0, 0],
		[37, "ESP32S3_7", 1435.51, 2745.19, "T", "SMD", "ESP32S3_7", "", "R", 59.05, 35.43, 0, 0],
		[38, "ESP32S3_8", 1435.51, 2695.19, "T", "SMD", "ESP32S3_8", "", "R", 59.05, 35.43, 0, 0],
		[39, "ESP32S3_9", 1435.51, 2645.19, "T", "SMD", "ESP32S3_9", "", "R", 59.05, 35.43, 0, 0],
		[40, "ESP32S3_10", 1435.51, 2595.19, "T", "SMD", "ESP32S3_10", "", "R", 59.05, 35.43, 0, 0],
		[41, "ESP32S3_11", 1435.51, 2545.19, "T", "SMD", "JSX2", "", "R", 59.05, 35.43, 0, 0],
		[42, "ESP32S3_12", 1435.51, 2495.19, "T", "SMD", "JSY2", "", "R", 59.05, 35.43, 0, 0],
		[43, "ESP32S3_13", 1435.51, 2445.19, "T", "SMD", "D-", "", "R", 59.05, 35.43, 0, 0],
		[44, "ESP32S3_14", 1435.51, 2395.19, "T", "SMD", "D+", "", "R", 59.05, 35.43, 0, 0],
		[45, "ESP32S3_15", 1505, 2344.81, "T", "SMD", "ESP32S3_15", "", "R", 59.05, 35.43, 0, 90],
		[46, "ESP32S3_16", 1555, 2344.81, "T", "SMD", "ESP32S3_16", "", "R", 59.05, 35.43, 0, 90],
		[47, "ESP32S3_17", 1605, 2344.81, "T", "SMD", "ESP32S3_17", "", "R", 59.05, 35.43, 0, 90],
		[48, "ESP32S3_18", 1655, 2344.81, "T", "SMD", "ESP32S3_18", "", "R", 59.05, 35.43, 0, 90],
		[49, "ESP32S3_19", 1705, 2344.81, "T", "SMD", "ESP32S3_19", "", "R", 59.05, 35.43, 0, 90],
		[50, "ESP32S3_20", 1755, 2344.81, "T", "SMD", "ESP32S3_20", "", "R", 59.05, 35.43, 0, 90],
		[51, "ESP32S3_21", 1805, 2344.81, "T", "SMD", "ESP32S3_21", "", "R", 59.05, 35.43, 0, 90],
		[52, "ESP32S3_22", 1855, 2344.81, "T", "SMD", "ESP32S3_22", "", "R", 59.05, 35.43, 0, 90],
		[53, "ESP32S3_23", 1905, 2344.81, "T", "SMD", "ESP32S3_23", "", "R", 59.05, 35.43, 0, 90],
		[54, "ESP32S3_24", 1955, 2344.81, "T", "SMD", "ESP32S3_24", "", "R", 59.05, 35.43, 0, 90],
		[55, "ESP32S3_25", 2005, 2344.81, "T", "SMD", "ESP32S3_25", "", "R", 59.05, 35.43, 0, 90],
		[56, "ESP32S3_26", 2055, 2345.99, "T", "SMD", "ESP32S3_26", "", "R", 59.05, 35.43, 0, 90],
		[57, "ESP32S3_27", 2124.49, 2395.19, "T", "SMD", "$1N6", "", "R", 59.05, 35.43, 0, 180],
		[58, "ESP32S3_28", 2124.49, 2445.19, "T", "SMD", "BT1", "", "R", 59.05, 35.43, 0, 180],
		[59, "ESP32S3_29", 2124.49, 2495.19, "T", "SMD", "BT2", "", "R", 59.05, 35.43, 0, 180],
		[60, "ESP32S3_30", 2124.49, 2545.19, "T", "SMD", "BT3", "", "R", 59.05, 35.43, 0, 180],
		[61, "ESP32S3_31", 2124.49, 2595.19, "T", "SMD", "BT4", "", "R", 59.05, 35.43, 0, 180],
		[62, "ESP32S3_32", 2124.49, 2645.19, "T", "SMD", "BT5", "", "R", 59.05, 35.43, 0, 180],
		[63, "ESP32S3_33", 2124.49, 2695.19, "T", "SMD", "BT6", "", "R", 59.05, 35.43, 0, 180],
		[64, "ESP32S3_34", 2124.49, 2745.19, "T", "SMD", "$1N1026", "", "R", 59.05, 35.43, 0, 180],
		[65, "ESP32S3_35", 2124.49, 2795.19, "T", "SMD", "ESP32S3_35", "", "R", 59.05, 35.43, 0, 180],
		[66, "ESP32S3_36", 2124.49, 2845.19, "T", "SMD", "ESP32S3_36", "", "R", 59.05, 35.43, 0, 180],
		[67, "ESP32S3_37", 2124.49, 2895.19, "T", "SMD", "ESP32S3_37", "", "R", 59.05, 35.43, 0, 180],
		[68, "ESP32S3_38", 2124.49, 2945.19, "T", "SMD", "$1N1059", "", "R", 59.05, 35.43, 0, 180],
		[69, "ESP32S3_39", 2124.49, 2995.19, "T", "SMD", "ESP32S3_39", "", "R", 59.05, 35.43, 0, 180],
		[70, "ESP32S3_40", 2124.49, 3045.19, "T", "SMD", "GND", "GND", "R", 59.05, 35.43, 0, 180],
		[71, "ESP32S3_41", 1776.06, 2686.13, "T", "SMD", "GND", "GND", "R", 35.43, 35.43, 0, 90],
		[72, "ESP32S3_41", 1720.94, 2686.13, "T", "SMD", "GND", "GND", "R", 35.43, 35.43, 0, 90],
		[73, "ESP32S3_41", 1665.82, 2686.13, "T", "SMD", "GND", "GND", "R", 35.43, 35.43, 0, 90],
		[74, "ESP32S3_41", 1665.82, 2796.38, "T", "SMD", "GND", "GND", "R", 35.43, 35.43, 0, 90],
		[75, "ESP32S3_41", 1720.94, 2796.38, "T", "SMD", "GND", "GND", "R", 35.43, 35.43, 0, 90],
		[76, "ESP32S3_41", 1776.06, 2796.38, "T", "SMD", "GND", "GND", "R", 35.43, 35.43, 0, 90],
		[77, "ESP32S3_41", 1776.06, 2741.26, "T", "SMD", "GND", "GND", "R", 35.43, 35.43, 0, 90],
		[78, "ESP32S3_41", 1665.82, 2741.26, "T", "SMD", "GND", "GND", "R", 35.43, 35.43, 0, 90],
		[79, "ESP32S3_41", 1720.94, 2741.26, "T", "SMD", "GND", "GND", "R", 35.43, 35.43, 0, 90],
		[80, "JSDECK1_1", 1110.79, 2325, "T", "DIP", "JSX2", "", "R", 60, 60, 36, 0],
		[81, "JSDECK1_1", 1110.79, 2325, "B", "DIP", "JSX2", "", "R", 60, 60, 36, 0],
		[82, "JSDECK1_2", 1209.21, 2325, "T", "DIP", "JSY2", "", "C", 60, 60, 36, 0],
		[83, "JSDECK1_2", 1209.21, 2325, "B", "DIP", "JSY2", "", "C", 60, 60, 36, 0],
		[84, "JSSTAND1_1", 1085, 2632.36, "T", "DIP", "JSX1", "", "R", 59.05, 59.05, 35.43, 90],
		[85, "JSSTAND1_1", 1085, 2632.36, "B", "DIP", "JSX1", "", "R", 59.05, 59.05, 35.43, 90],
		[86, "JSSTAND1_2", 1085, 2730.79, "T", "DIP", "JSY1", "", "C", 59.05, 59.05, 35.43, 90],
		[87, "JSSTAND1_2", 1085, 2730.79, "B", "DIP", "JSY1", "", "C", 59.05, 59.05, 35.43, 90],
		[88, "JSSTAND1_3", 1085, 2829.21, "T", "DIP", "3.3V", "", "C", 59.05, 59.05, 35.43, 90],
		[89, "JSSTAND1_3", 1085, 2829.21, "B", "DIP", "3.3V", "", "C", 59.05, 59.05, 35.43, 90],
		[90, "JSSTAND1_4", 1085, 2927.64, "T", "DIP", "GND", "GND", "C", 59.05, 59.05, 35.43, 90],
		[91, "JSSTAND1_4", 1085, 2927.64, "B", "DIP", "GND", "GND", "C", 59.05, 59.05, 35.43, 90],
		[92, "L2_1", 2399.87, 3036.48, "T", "SMD", "GND", "GND", "R", 31.5, 31.5, 0, 0],
		[93, "L2_2", 2400.14, 2973.52, "T", "SMD", "$1N1028", "", "R", 31.5, 31.5, 0, 0],
		[94, "POWERDECK1_1", 725.79, 2330, "T", "DIP", "3.3V", "", "R", 60, 60, 36, 0],
		[95, "POWERDECK1_1", 725.79, 2330, "B", "DIP", "3.3V", "", "R", 60, 60, 36, 0],
		[96, "POWERDECK1_2", 824.21, 2330, "T", "DIP", "GND", "GND", "C", 60, 60, 36, 0],
		[97, "POWERDECK1_2", 824.21, 2330, "B", "DIP", "GND", "GND", "C", 60, 60, 36, 0],
		[98, "R1_1", 1280.34, 2930, "T", "SMD", "3.3V", "", "R", 31.75, 34.02, 0, 0],
		[99, "R1_2", 1339.66, 2930, "T", "SMD", "$1N8", "", "R", 31.75, 34.02, 0, 0],
		[100, "R3_1", 2269.03, 2839.03, "T", "SMD", "$1N1026", "", "R", 31.75, 34.02, 0, 45],
		[101, "R3_2", 2310.97, 2880.97, "T", "SMD", "$1N1028", "", "R", 31.75, 34.02, 0, 45],
		[102, "R4_1", 2195.34, 2945, "T", "SMD", "$1N1059", "", "R", 31.75, 34.02, 0, 0],
		[103, "R4_2", 2254.66, 2945, "T", "SMD", "R4_2", "", "R", 31.75, 34.02, 0, 0],
		[104, "TS1117_1", 659.45, 3067.5, "T", "SMD", "GND", "GND", "R", 97.05, 41.34, 0, 270],
		[105, "TS1117_2", 750, 3067.5, "T", "SMD", "3.3V", "", "R", 97.05, 41.34, 0, 270],
		[106, "TS1117_3", 840.55, 3067.5, "T", "SMD", "5V", "", "R", 97.05, 41.34, 0, 270],
		[107, "TS1117_4", 750, 3292.5, "T", "SMD", "3.3V", "", "R", 97.05, 139.37, 0, 270],
		[108, "USB_1", 565.87, 2676.2, "T", "SMD", "5V", "", "R", 70.87, 15.75, 0, 180],
		[109, "USB_2", 565.87, 2650.61, "T", "SMD", "D-", "", "R", 70.87, 15.75, 0, 180],
		[110, "USB_3", 565.87, 2625.02, "T", "SMD", "D+", "", "R", 70.87, 15.75, 0, 180],
		[111, "USB_4", 565.87, 2599.43, "T", "SMD", "USB_4", "", "R", 70.87, 15.75, 0, 180],
		[112, "USB_5", 565.87, 2573.84, "T", "SMD", "GND", "GND", "R", 70.87, 15.75, 0, 180],
		[113, "USB_6", 545, 2529.99, "T", "DIP", "USB_6", "", "C", 47.24, 47.24, 27.56, 270],
		[114, "USB_6", 545, 2529.99, "B", "DIP", "USB_6", "", "C", 47.24, 47.24, 27.56, 270],
		[115, "USB_7", 440.03, 2482.28, "T", "DIP", "USB_7", "", "O", 47.24, 70.87, 43.31, 270],
		[116, "USB_7", 440.03, 2482.28, "B", "DIP", "USB_7", "", "O", 47.24, 70.87, 43.31, 270],
		[117, "USB_8", 440.03, 2767.72, "T", "DIP", "USB_8", "", "O", 47.24, 70.87, 43.31, 270],
		[118, "USB_8", 440.03, 2767.72, "B", "DIP", "USB_8", "", "O", 47.24, 70.87, 43.31, 270],
		[119, "USB_9", 544.37, 2720.48, "T", "DIP", "USB_9", "", "C", 47.24, 47.24, 27.56, 270],
		[120, "USB_9", 544.37, 2720.48, "B", "DIP", "USB_9", "", "C", 47.24, 47.24, 27.56, 270],
		[121, "USB_10", 424.13, 2562, "T", "SMD", "USB_10", "", "R", 62.99, 51.18, 0, 90],
		[122, "USB_11", 424.13, 2688, "T", "SMD", "USB_11", "", "R", 62.99, 51.18, 0, 90],
		[123, "PAD1_2", 2230, 3105, "T", "DIP", "GND", "GND", "C", 60, 60, 36, 0],
		[124, "PAD1_2", 2230, 3105, "B", "DIP", "GND", "GND", "C", 60, 60, 36, 0]
	]
}
}