{
"lengthUnit": "mil",
"components": {
	"fields": ["COMPONENT_NO", "COMPONENT_NAME", "LAYER", "X_COORDINATE", "Y_COORDINATE", "ANGLE"],
	"rows": [
		[1, "BATTERY", "T", 2210, 2365, 0],
		[2, "BTTN5", "T", 1775, 3165, 0],
		[3, "BTTN6", "T", 1885, 2360, 0],
		[4, "BTTNDECK", "T", 920, 2370, 0],
		[5, "C1", "T", 2025, 2680, 270],
		[6, "C2", "T", 2235, 2615, 270],
		[7, "C4", "T", 1520, 2555, 180],
		[8, "C5", "T", 1355, 3045, 180],
		[9, "J1", "T", 850, 2810, 90],
		[10, "JSDECK", "T", 880, 3210, 180],
		[11, "JSSTAND", "T", 1445, 2365, 0],
		[12, "MK1", "T", 525, 2760, 270],
		[13, "POWERDECK1", "T", 1765, 2830, 180],
		[14, "R1", "T", 1770, 2555, 180],
		[15, "R2", "T", 1770, 2630, 180],
		[16, "SCREW1", "T", 2870, 3605, 0],
		[17, "SW2", "T", 1200, 3210, 0],
		[18, "U1", "T", 1910, 2555, 180],
		[19, "U2", "T", 2140, 2820, 0],
		[20, "U3", "T", 1910, 2630, 180],
		[21, "U4", "T", 1325, 2810, 0]
	]
},
"pins": {
	"fields": ["PIN_NO", "PIN_NAME", "PIN_X", "PIN_Y", "LAYER", "PIN_TYPE", "NET_NAME", "NET_TYPE", "PAD_SHAPE", "PAD_SIZEX", "PAD_SIZEY", "HOLE_SIZE", "PAD_ANGLE"],
	"rows": [
		[1, "BATTERY_1", 2160.78, 2365, "T", "DIP", "$1N3", "", "R", 60, 60, 36, 0],
		[2, "BATTERY_1", 2160.78, 2365, "B", "DIP", "$1N3", "", "R", 60, 60, 36, 0],
		[3, "BATTERY_2", 2259.22, 2365, "T", "DIP", "GND", "GND", "C", 60, 60, 36, 0],
		[4, "BATTERY_2", 2259.22, 2365, "B", "DIP", "GND", "GND", "C", 60, 60, 36, 0],
		[5, "BTTN5_1", 1725.78, 3165, "T", "DIP", "BT5", "", "R", 60, 60, 36, 0],
		[6, "BTTN5_1", 1725.78, 3165, "B", "DIP", "BT5", "", "R", 60, 60, 36, 0],
		[7, "BTTN5_2", 1824.22, 3165, "T", "DIP", "GND", "GND", "C", 60, 60, 36, 0],
		[8, "BTTN5_2", 1824.22, 3165, "B", "DIP", "GND", "GND", "C", 60, 60, 36, 0],
		[9, "BTTN6_1", 1835.78, 2360, "T", "DIP", "BT6", "", "R", 60, 60, 36, 0],
		[10, "BTTN6_1", 1835.78, 2360, "B", "DIP", "BT6", "", "R", 60, 60, 36, 0],
		[11, "BTTN6_2", 1934.22, 2360, "T", "DIP", "GND", "GND", "C", 60, 60, 36, 0],
		[12, "BTTN6_2", 1934.22, 2360, "B", "DIP", "GND", "GND", "C", 60, 60, 36, 0],
		[13, "BTTNDECK_1", 772.36, 2370, "T", "DIP", "BT1", "", "R", 59.05, 59.05, 35.43, 0],
		[14, "BTTNDECK_1", 772.36, 2370, "B", "DIP", "BT1", "", "R", 59.05, 59.05, 35.43, 0],
		[15, "BTTNDECK_2", 870.79, 2370, "T", "DIP", "BT2", "", "C", 59.05, 59.05, 35.43, 0],
		[16, "BTTNDECK_2", 870.79, 2370, "B", "DIP", "BT2", "", "C", 59.05, 59.05, 35.43, 0],
		[17, "BTTNDECK_3", 969.21, 2370, "T", "DIP", "BT3", "", "C", 59.05, 59.05, 35.43, 0],
		[18, "BTTNDECK_3", 969.21, 2370, "B", "DIP", "BT3", "", "C", 59.05, 59.05, 35.43, 0],
		[19, "BTTNDECK_4", 1067.64, 2370, "T", "DIP", "BT4", "", "C", 59.05, 59.05, 35.43, 0],
		[20, "BTTNDECK_4", 1067.64, 2370, "B", "DIP", "BT4", "", "C", 59.05, 59.05, 35.43, 0],
		[21, "C1_1", 2025, 2707.56, "T", "SMD", "3.3V", "", "R", 31.5, 35.43, 0, 270],
		[22, "C1_2", 2025, 2652.44, "T", "SMD", "GND", "GND", "R", 31.5, 35.43, 0, 270],
		[23, "C2_1", 2235, 2642.56, "T", "SMD", "$1N3", "", "R", 31.5, 35.43, 0, 270],
		[24, "C2_2", 2235, 2587.44, "T", "SMD", "GND", "GND", "R", 31.5, 35.43, 0, 270],
		[25, "C4_1", 1547.56, 2555, "T", "SMD", "3.3V", "", "R", 31.5, 35.43, 0, 180],
		[26, "C4_2", 1492.44, 2555, "T", "SMD", "GND", "GND", "R", 31.5, 35.43, 0, 180],
		[27, "C5_1", 1382.56, 3045, "T", "SMD", "3.3V", "", "R", 31.5, 35.43, 0, 180],
		[28, "C5_2", 1327.44, 3045, "T", "SMD", "GND", "GND", "R", 31.5, 35.43, 0, 180],
		[29, "J1_1", 900, 2710, "T", "DIP", "GND", "GND", "R", 70.87, 70.87, 41.34, 90],
		[30, "J1_1", 900, 2710, "B", "DIP", "GND", "GND", "R", 70.87, 70.87, 41.34, 90],
		[31, "J1_2", 800, 2710, "T", "DIP", "RESET", "", "C", 70.87, 70.87, 41.34, 90],
		[32, "J1_2", 800, 2710, "B", "DIP", "RESET", "", "C", 70.87, 70.87, 41.34, 90],
		[33, "J1_3", 900, 2810, "T", "DIP", "MOSI0", "", "C", 70.87, 70.87, 41.34, 90],
		[34, "J1_3", 900, 2810, "B", "DIP", "MOSI0", "", "C", 70.87, 70.87, 41.34, 90],
		[35, "J1_4", 800, 2810, "T", "DIP", "SCK0", "", "C", 70.87, 70.87, 41.34, 90],
		[36, "J1_4", 800, 2810, "B", "DIP", "SCK0", "", "C", 70.87, 70.87, 41.34, 90],
		[37, "J1_5", 900, 2910, "T", "DIP", "3.3V", "", "C", 70.87, 70.87, 41.34, 90],
		[38, "J1_5", 900, 2910, "B", "DIP", "3.3V", "", "C", 70.87, 70.87, 41.34, 90],
		[39, "J1_6", 800, 2910, "T", "DIP", "MISO0", "", "C", 70.87, 70.87, 41.34, 90],
		[40, "J1_6", 800, 2910, "B", "DIP", "MISO0", "", "C", 70.87, 70.87, 41.34, 90],
		[41, "JSDECK_1", 929.22, 3210, "T", "DIP", "JSX2", "", "R", 60, 60, 36, 180],
		[42, "JSDECK_1", 929.22, 3210, "B", "DIP", "JSX2", "", "R", 60, 60, 36, 180],
		[43, "JSDECK_2", 830.79, 3210, "T", "DIP", "JSY2", "", "C", 60, 60, 36, 180],
		[44, "JSDECK_2", 830.79, 3210, "B", "DIP", "JSY2", "", "C", 60, 60, 36, 180],
		[45, "JSSTAND_1", 1297.36, 2365, "T", "DIP", "JSX1", "", "R", 59.05, 59.05, 35.43, 0],
		[46, "JSSTAND_1", 1297.36, 2365, "B", "DIP", "JSX1", "", "R", 59.05, 59.05, 35.43, 0],
		[47, "JSSTAND_2", 1395.79, 2365, "T", "DIP", "JSY1", "", "C", 59.05, 59.05, 35.43, 0],
		[48, "JSSTAND_2", 1395.79, 2365, "B", "DIP", "JSY1", "", "C", 59.05, 59.05, 35.43, 0],
		[49, "JSSTAND_3", 1494.21, 2365, "T", "DIP", "GND", "GND", "C", 59.05, 59.05, 35.43, 0],
		[50, "JSSTAND_3", 1494.21, 2365, "B", "DIP", "GND", "GND", "C", 59.05, 59.05, 35.43, 0],
		[51, "JSSTAND_4", 1592.64, 2365, "T", "DIP", "3.3V", "", "C", 59.05, 59.05, 35.43, 0],
		[52, "JSSTAND_4", 1592.64, 2365, "B", "DIP", "3.3V", "", "C", 59.05, 59.05, 35.43, 0],
		[53, "MK1_1", 475, 2610.1, "T", "DIP", "$1N5", "", "R", 70.87, 70.87, 47.24, 90],
		[54, "MK1_1", 475, 2610.1, "B", "DIP", "$1N5", "", "R", 70.87, 70.87, 47.24, 90],
		[55, "MK1_2", 575, 2610, "T", "DIP", "GND", "GND", "C", 70.87, 70.87, 47.24, 90],
		[56, "MK1_2", 575, 2610, "B", "DIP", "GND", "GND", "C", 70.87, 70.87, 47.24, 90],
		[57, "MK1_3", 475, 2710, "T", "DIP", "SS0", "", "C", 70.87, 70.87, 47.24, 90],
		[58, "MK1_3", 475, 2710, "B", "DIP", "SS0", "", "C", 70.87, 70.87, 47.24, 90],
		[59, "MK1_4", 575, 2710, "T", "DIP", "CE0", "", "C", 70.87, 70.87, 47.24, 90],
		[60, "MK1_4", 575, 2710, "B", "DIP", "CE0", "", "C", 70.87, 70.87, 47.24, 90],
		[61, "MK1_5", 475, 2810, "T", "DIP", "MOSI0", "", "C", 70.87, 70.87, 47.24, 90],
		[62, "MK1_5", 475, 2810, "B", "DIP", "MOSI0", "", "C", 70.87, 70.87, 47.24, 90],
		[63, "MK1_6", 575, 2810, "T", "DIP", "SCK0", "", "C", 70.87, 70.87, 47.24, 90],
		[64, "MK1_6", 575, 2810, "B", "DIP", "SCK0", "", "C", 70.87, 70.87, 47.24, 90],
		[65, "MK1_7", 475, 2910, "T", "DIP", "MK1_7", "", "C", 70.87, 70.87, 47.24, 90],
		[66, "MK1_7", 475, 2910, "B", "DIP", "MK1_7", "", "C", 70.87, 70.87, 47.24, 90],
		[67, "MK1_8", 575, 2910, "T", "DIP", "MISO0", "", "C", 70.87, 70.87, 47.24, 90],
		[68, "MK1_8", 575, 2910, "B", "DIP", "MISO0", "", "C", 70.87, 70.87, 47.24, 90],
		[69, "POWERDECK1_1", 1814.21, 2830, "T", "DIP", "3.3V", "", "R", 60, 60, 36, 180],
		[70, "POWERDECK1_1", 1814.21, 2830, "B", "DIP", "3.3V", "", "R", 60, 60, 36, 180],
		[71, "POWERDECK1_2", 1715.78, 2830, "T", "DIP", "GND", "GND", "C", 60, 60, 36, 180],
		[72, "POWERDECK1_2", 1715.78, 2830, "B", "DIP", "GND", "GND", "C", 60, 60, 36, 180],
		[73, "R1_1", 1799.66, 2555, "T", "SMD", "$1N520", "", "R", 31.75, 34.02, 0, 180],
		[74, "R1_2", 1740.34, 2555, "T", "SMD", "$1N7", "", "R", 31.75, 34.02, 0, 180],
		[75, "R2_1", 1799.66, 2630, "T", "SMD", "$1N9", "", "R", 31.75, 34.02, 0, 180],
		[76, "R2_2", 1740.34, 2630, "T", "SMD", "$1N8", "", "R", 31.75, 34.02, 0, 180],
		[77, "SCREW1_1", 2870, 3605, "T", "DIP", "SCREW1_1", "", "C", 126, 126, 126, 0],
		[78, "SCREW1_1", 2870, 3605, "B", "DIP", "SCREW1_1", "", "C", 126, 126, 126, 0],
		[79, "SW2_1", 1200, 3210, "T", "DIP", "$1N5", "", "C", 59.05, 59.05, 39.37, 0],
		[80, "SW2_1", 1200, 3210, "B", "DIP", "$1N5", "", "C", 59.05, 59.05, 39.37, 0],
		[81, "SW2_2", 1318.11, 3210, "T", "DIP", "3.3V", "", "C", 59.05, 59.05, 39.37, 0],
		[82, "SW2_2", 1318.11, 3210, "B", "DIP", "3.3V", "", "C", 59.05, 59.05, 39.37, 0],
		[83, "SW2_3", 1436.22, 3210, "T", "DIP", "SW2_3", "", "C", 59.05, 59.05, 39.37, 0],
		[84, "SW2_3", 1436.22, 3210, "B", "DIP", "SW2_3", "", "C", 59.05, 59.05, 39.37, 0],
		[85, "U1_1", 1941.48, 2555.13, "T", "SMD", "GND", "GND", "R", 31.5, 31.5, 0, 270],
		[86, "U1_2", 1878.52, 2554.86, "T", "SMD", "$1N520", "", "R", 31.5, 31.5, 0, 270],
		[87, "U2_1", 2252.5, 2729.45, "T", "SMD", "GND", "GND", "R", 97.05, 41.34, 0, 0],
		[88, "U2_2", 2252.5, 2820, "T", "SMD", "3.3V", "", "R", 97.05, 41.34, 0, 0],
		[89, "U2_3", 2252.5, 2910.55, "T", "SMD", "$1N3", "", "R", 97.05, 41.34, 0, 0],
		[90, "U2_4", 2027.5, 2820, "T", "SMD", "3.3V", "", "R", 97.05, 139.37, 0, 0],
		[91, "U3_1", 1941.48, 2630.13, "T", "SMD", "GND", "GND", "R", 31.5, 31.5, 0, 270],
		[92, "U3_2", 1878.52, 2629.86, "T", "SMD", "$1N9", "", "R", 31.5, 31.5, 0, 270],
		[93, "U4_1", 1214.76, 2638, "T", "SMD", "BT4", "", "O", 17.72, 64.96, 0, 0],
		[94, "U4_2", 1246.26, 2638, "T", "SMD", "BT5", "", "O", 17.72, 64.96, 0, 0],
		[95, "U4_3", 1277.76, 2638, "T", "SMD", "GND", "GND", "O", 17.72, 64.96, 0, 0],
		[96, "U4_4", 1309.25, 2638, "T", "SMD", "3.3V", "", "O", 17.72, 64.96, 0, 0],
		[97, "U4_5", 1340.75, 2638, "T", "SMD", "GND", "GND", "O", 17.72, 64.96, 0, 0],
		[98, "U4_6", 1372.24, 2638, "T", "SMD", "3.3V", "", "O", 17.72, 64.96, 0, 0],
		[99, "U4_7", 1403.74, 2638, "T", "SMD", "U4_7", "", "O", 17.72, 64.96, 0, 0],
		[100, "U4_8", 1435.24, 2638, "T", "SMD", "U4_8", "", "O", 17.72, 64.96, 0, 0],
		[101, "U4_9", 1497.5, 2699.76, "T", "SMD", "BT6", "", "O", 64.96, 17.72, 0, 0],
		[102, "U4_10", 1497.5, 2731.26, "T", "SMD", "$1N7", "", "O", 64.96, 17.72, 0, 0],
		[103, "U4_11", 1497.5, 2762.76, "T", "SMD", "$1N8", "", "O", 64.96, 17.72, 0, 0],
		[104, "U4_12", 1497.5, 2794.25, "T", "SMD", "U4_12", "", "O", 64.96, 17.72, 0, 0],
		[105, "U4_13", 1497.5, 2825.75, "T", "SMD", "CE0", "", "O", 64.96, 17.72, 0, 0],
		[106, "U4_14", 1497.5, 2857.24, "T", "SMD", "SS0", "", "O", 64.96, 17.72, 0, 0],
		[107, "U4_15", 1497.5, 2888.74, "T", "SMD", "MOSI0", "", "O", 64.96, 17.72, 0, 0],
		[108, "U4_16", 1497.5, 2920.24, "T", "SMD", "MISO0", "", "O", 64.96, 17.72, 0, 0],
		[109, "U4_17", 1435.24, 2982, "T", "SMD", "SCK0", "", "O", 17.72, 64.96, 0, 0],
		[110, "U4_18", 1403.74, 2982, "T", "SMD", "3.3V", "", "O", 17.72, 64.96, 0, 0],
		[111, "U4_19", 1372.24, 2982, "T", "SMD", "U4_19", "", "O", 17.72, 64.96, 0, 0],
		[112, "U4_20", 1340.75, 2982, "T", "SMD", "U4_20", "", "O", 17.72, 64.96, 0, 0],
		[113, "U4_21", 1309.25, 2982, "T", "SMD", "GND", "GND", "O", 17.72, 64.96, 0, 0],
		[114, "U4_22", 1277.76, 2982, "T", "SMD", "U4_22", "", "O", 17.72, 64.96, 0, 0],
		[115, "U4_23", 1246.26, 2982, "T", "SMD", "JSX1", "", "O", 17.72, 64.96, 0, 0],
		[116, "U4_24", 1214.76, 2982, "T", "SMD", "JSY1", "", "O", 17.72, 64.96, 0, 0],
		[117, "U4_25", 1152.5, 2920.24, "T", "SMD", "JSX2", "", "O", 64.96, 17.72, 0, 0],
		[118, "U4_26", 1152.5, 2888.74, "T", "SMD", "JSY2", "", "O", 64.96, 17.72, 0, 0],
		[119, "U4_27", 1152.5, 2857.24, "T", "SMD", "U4_27", "", "O", 64.96, 17.72, 0, 0],
		[120, "U4_28", 1152.5, 2825.75, "T", "SMD", "U4_28", "", "O", 64.96, 17.72, 0, 0],
		[121, "U4_29", 1152.5, 2794.25, "T", "SMD", "RESET", "", "O", 64.96, 17.72, 0, 0],
		[122, "U4_30", 1152.5, 2762.76, "T", "SMD", "BT1", "", "O", 64.96, 17.72, 0, 0],
		[123, "U4_31", 1152.5, 2731.26, "T", "SMD", "BT2", "", "O", 64.96, 17.72, 0, 0],
		[124, "U4_32", 1152.5, 2699.76, "T", "SMD", "BT3", "", "O", 64.96, 17.72, 0, 0]
	]
}
}